date,review_text
2025-11-01,"Build quality feels premium, looks great."
2025-10-31,"Sound mast hai, bass ekdum zabardast."
2025-10-30,Good value for money. Comfortable to wear.
2025-10-29,Noise cancellation bhi badiya kaam karta hai.
2025-10-28,Excellent headphone for gym and travel.
2025-10-27,Product sahi mila bas delivery late hui.
2025-10-26,Excellent headphone for gym and travel.
2025-10-25,"Sound mast hai, bass ekdum zabardast."
2025-10-24,Slightly expensive but worth the price.
2025-10-23,Battery thodi kam chalti hai par fir bhi achha hai.
2025-10-22,"Build quality feels premium, looks great."
2025-10-21,"Charging bahut fast hai, bade kaam ka feature."
2025-10-20,Very clear audio and noise cancellation works well.
2025-10-19,Product sahi mila bas delivery late hui.
2025-10-18,Slightly expensive but worth the price.
2025-10-17,Lambe samay tak pehnne mein thoda takleef hoti hai.
2025-10-16,"Build quality feels premium, looks great."
2025-10-15,"Paisa vasool product, bahut comfortable hain."
2025-10-14,"Sound quality is amazing, love the bass."
2025-10-13,Price thoda jyaada hai par worth hai.
2025-10-12,"Build quality feels premium, looks great."
2025-10-11,"Sound mast hai, bass ekdum zabardast."
2025-10-10,Good product but delivery was delayed.
2025-10-09,Battery thodi kam chalti hai par fir bhi achha hai.
2025-10-08,Not very comfortable for long hours.
2025-10-07,"Sound mast hai, bass ekdum zabardast."
2025-10-06,"Build quality feels premium, looks great."
2025-10-05,Build quality ekdum solid lagti hai.
2025-10-04,Very clear audio and noise cancellation works well.
2025-10-03,Build quality ekdum solid lagti hai.
2025-10-02,"Build quality feels premium, looks great."
2025-10-01,Build quality ekdum solid lagti hai.
2025-09-30,Battery life could be better but overall satisfied.
2025-09-29,"Sound mast hai, bass ekdum zabardast."
2025-09-28,Battery life could be better but overall satisfied.
2025-09-27,"Charging bahut fast hai, bade kaam ka feature."
2025-09-26,"Build quality feels premium, looks great."
2025-09-25,Lambe samay tak pehnne mein thoda takleef hoti hai.
2025-09-24,Good value for money. Comfortable to wear.
2025-09-23,Lambe samay tak pehnne mein thoda takleef hoti hai.
2025-09-22,Good product but delivery was delayed.
2025-09-21,Battery thodi kam chalti hai par fir bhi achha hai.
2025-09-20,Good product but delivery was delayed.
2025-09-19,Battery thodi kam chalti hai par fir bhi achha hai.
2025-09-18,"Sound quality is amazing, love the bass."
2025-09-17,Lambe samay tak pehnne mein thoda takleef hoti hai.
2025-09-16,Good value for money. Comfortable to wear.
2025-09-15,Build quality ekdum solid lagti hai.
2025-09-14,Battery life could be better but overall satisfied.
2025-09-13,Price thoda jyaada hai par worth hai.
2025-09-12,"Build quality feels premium, looks great."
2025-09-11,Gym aur travel ke liye perfect headphones hain.
2025-09-10,Good value for money. Comfortable to wear.
2025-09-09,"Sound mast hai, bass ekdum zabardast."
2025-09-08,Very clear audio and noise cancellation works well.
2025-09-07,Noise cancellation bhi badiya kaam karta hai.
2025-09-06,"Build quality feels premium, looks great."
2025-09-05,Noise cancellation bhi badiya kaam karta hai.
2025-09-04,Excellent headphone for gym and travel.
2025-09-03,Gym aur travel ke liye perfect headphones hain.
2025-09-02,Good value for money. Comfortable to wear.
2025-09-01,Build quality ekdum solid lagti hai.
2025-08-31,Quick charging feature is very useful.
2025-08-30,"Paisa vasool product, bahut comfortable hain."
2025-08-29,Very clear audio and noise cancellation works well.
2025-08-28,Product sahi mila bas delivery late hui.
2025-08-27,Not very comfortable for long hours.
2025-08-26,Gym aur travel ke liye perfect headphones hain.
2025-08-25,"Sound quality is amazing, love the bass."
2025-08-24,"Charging bahut fast hai, bade kaam ka feature."
2025-08-23,Good product but delivery was delayed.
2025-08-22,Noise cancellation bhi badiya kaam karta hai.
2025-08-21,"Sound quality is amazing, love the bass."
2025-08-20,Price thoda jyaada hai par worth hai.
2025-08-19,Good product but delivery was delayed.
2025-08-18,"Paisa vasool product, bahut comfortable hain."
2025-08-17,Good product but delivery was delayed.
2025-08-16,"Charging bahut fast hai, bade kaam ka feature."
2025-08-15,Good product but delivery was delayed.
2025-08-14,"Charging bahut fast hai, bade kaam ka feature."
2025-08-13,Slightly expensive but worth the price.
2025-08-12,Gym aur travel ke liye perfect headphones hain.
2025-08-11,"Sound quality is amazing, love the bass."
2025-08-10,Price thoda jyaada hai par worth hai.
2025-08-09,Excellent headphone for gym and travel.
2025-08-08,Build quality ekdum solid lagti hai.
2025-08-07,Good value for money. Comfortable to wear.
2025-08-06,Product sahi mila bas delivery late hui.
2025-08-05,Quick charging feature is very useful.
2025-08-04,Battery thodi kam chalti hai par fir bhi achha hai.
2025-08-03,"Build quality feels premium, looks great."
2025-08-02,Price thoda jyaada hai par worth hai.
2025-08-01,Good value for money. Comfortable to wear.
2025-07-31,Lambe samay tak pehnne mein thoda takleef hoti hai.
2025-07-30,Good product but delivery was delayed.
2025-07-29,"Sound mast hai, bass ekdum zabardast."
2025-07-28,"Sound quality is amazing, love the bass."
2025-07-27,"Charging bahut fast hai, bade kaam ka feature."
2025-07-26,Very clear audio and noise cancellation works well.
2025-07-25,Noise cancellation bhi badiya kaam karta hai.
2025-07-24,Not very comfortable for long hours.
2025-07-23,"Charging bahut fast hai, bade kaam ka feature."
2025-07-22,"Sound quality is amazing, love the bass."
2025-07-21,Noise cancellation bhi badiya kaam karta hai.
2025-07-20,Good product but delivery was delayed.
2025-07-19,Lambe samay tak pehnne mein thoda takleef hoti hai.
2025-07-18,Quick charging feature is very useful.
2025-07-17,Price thoda jyaada hai par worth hai.
2025-07-16,Not very comfortable for long hours.
2025-07-15,"Sound mast hai, bass ekdum zabardast."
2025-07-14,Good product but delivery was delayed.
2025-07-13,Build quality ekdum solid lagti hai.
2025-07-12,Very clear audio and noise cancellation works well.
2025-07-11,Lambe samay tak pehnne mein thoda takleef hoti hai.
2025-07-10,Battery life could be better but overall satisfied.
2025-07-09,"Charging bahut fast hai, bade kaam ka feature."
2025-07-08,Not very comfortable for long hours.
2025-07-07,Product sahi mila bas delivery late hui.
2025-07-06,Not very comfortable for long hours.
2025-07-05,Price thoda jyaada hai par worth hai.
2025-07-04,Battery life could be better but overall satisfied.
2025-07-03,Build quality ekdum solid lagti hai.
2025-07-02,Not very comfortable for long hours.
2025-07-01,Noise cancellation bhi badiya kaam karta hai.
2025-06-30,Quick charging feature is very useful.
2025-06-29,"Charging bahut fast hai, bade kaam ka feature."
2025-06-28,"Sound quality is amazing, love the bass."
2025-06-27,"Sound mast hai, bass ekdum zabardast."
2025-06-26,"Sound quality is amazing, love the bass."
2025-06-25,Product sahi mila bas delivery late hui.
2025-06-24,Good product but delivery was delayed.
2025-06-23,Price thoda jyaada hai par worth hai.
2025-06-22,Not very comfortable for long hours.
2025-06-21,Battery thodi kam chalti hai par fir bhi achha hai.
2025-06-20,Good value for money. Comfortable to wear.
2025-06-19,Price thoda jyaada hai par worth hai.
2025-06-18,Not very comfortable for long hours.
2025-06-17,Build quality ekdum solid lagti hai.
2025-06-16,Slightly expensive but worth the price.
2025-06-15,Lambe samay tak pehnne mein thoda takleef hoti hai.
2025-06-14,Very clear audio and noise cancellation works well.
2025-06-13,"Charging bahut fast hai, bade kaam ka feature."
2025-06-12,"Build quality feels premium, looks great."
2025-06-11,Noise cancellation bhi badiya kaam karta hai.
2025-06-10,Very clear audio and noise cancellation works well.
2025-06-09,Build quality ekdum solid lagti hai.
2025-06-08,"Sound quality is amazing, love the bass."
2025-06-07,Build quality ekdum solid lagti hai.
2025-06-06,Slightly expensive but worth the price.
2025-06-05,"Paisa vasool product, bahut comfortable hain."
2025-06-04,"Build quality feels premium, looks great."
2025-06-03,"Paisa vasool product, bahut comfortable hain."
2025-06-02,Good product but delivery was delayed.
2025-06-01,Price thoda jyaada hai par worth hai.
2025-05-31,Slightly expensive but worth the price.
2025-05-30,Battery thodi kam chalti hai par fir bhi achha hai.
2025-05-29,Not very comfortable for long hours.
2025-05-28,Lambe samay tak pehnne mein thoda takleef hoti hai.
2025-05-27,Not very comfortable for long hours.
2025-05-26,Noise cancellation bhi badiya kaam karta hai.
2025-05-25,Not very comfortable for long hours.
2025-05-24,"Paisa vasool product, bahut comfortable hain."
2025-05-23,"Build quality feels premium, looks great."
2025-05-22,Gym aur travel ke liye perfect headphones hain.
2025-05-21,Good value for money. Comfortable to wear.
2025-05-20,Product sahi mila bas delivery late hui.
2025-05-19,Battery life could be better but overall satisfied.
2025-05-18,Price thoda jyaada hai par worth hai.
2025-05-17,Not very comfortable for long hours.
2025-05-16,"Paisa vasool product, bahut comfortable hain."
2025-05-15,Battery life could be better but overall satisfied.
2025-05-14,"Paisa vasool product, bahut comfortable hain."
2025-05-13,Battery life could be better but overall satisfied.
2025-05-12,Lambe samay tak pehnne mein thoda takleef hoti hai.
2025-05-11,Quick charging feature is very useful.
2025-05-10,"Charging bahut fast hai, bade kaam ka feature."
2025-05-09,Good product but delivery was delayed.
2025-05-08,Noise cancellation bhi badiya kaam karta hai.
2025-05-07,Very clear audio and noise cancellation works well.
2025-05-06,Lambe samay tak pehnne mein thoda takleef hoti hai.
2025-05-05,"Build quality feels premium, looks great."
2025-05-04,"Paisa vasool product, bahut comfortable hain."
2025-05-03,Very clear audio and noise cancellation works well.
2025-05-02,Price thoda jyaada hai par worth hai.
2025-05-01,"Sound quality is amazing, love the bass."
2025-04-30,"Sound mast hai, bass ekdum zabardast."
2025-04-29,Good product but delivery was delayed.
2025-04-28,Lambe samay tak pehnne mein thoda takleef hoti hai.
2025-04-27,Slightly expensive but worth the price.
2025-04-26,Lambe samay tak pehnne mein thoda takleef hoti hai.
2025-04-25,Excellent headphone for gym and travel.
2025-04-24,Price thoda jyaada hai par worth hai.
2025-04-23,Good product but delivery was delayed.
2025-04-22,Battery thodi kam chalti hai par fir bhi achha hai.
2025-04-21,Slightly expensive but worth the price.
2025-04-20,Battery thodi kam chalti hai par fir bhi achha hai.
2025-04-19,Excellent headphone for gym and travel.
2025-04-18,Product sahi mila bas delivery late hui.
2025-04-17,Very clear audio and noise cancellation works well.
2025-04-16,Noise cancellation bhi badiya kaam karta hai.
2025-04-15,Very clear audio and noise cancellation works well.
2025-04-14,Build quality ekdum solid lagti hai.
2025-04-13,Good value for money. Comfortable to wear.
2025-04-12,Noise cancellation bhi badiya kaam karta hai.
2025-04-11,Quick charging feature is very useful.
2025-04-10,Product sahi mila bas delivery late hui.
2025-04-09,Good product but delivery was delayed.
